image Name,object 1,is close to,is far from,is smaller than,is greater than,overlaps,doesnt overlap,is in the right of,is in the left of,is in the bottom of,is in the top of
download (10).jpg,cat,cup,na,na,na,na,na,na,na,na,na
download (10).jpg,cup,cat,na,na,na,na,na,na,na,na,na
download (12).jpg,cat,na,dining table,na,na,na,na,na,na,na,na
download (12).jpg,dining table,na,cat,na,na,na,na,na,na,na,na
download (14).jpg,elephant,na,elephant,na,na,na,na,na,na,na,na
download (14).jpg,elephant,na,elephant,na,na,na,na,na,na,na,na
download (15).jpg,elephant,cow,na,na,na,na,na,na,na,na,na
download (15).jpg,cow,elephant,na,na,na,na,na,na,na,na,na
download (15).jpg,elephant,na,elephant,na,na,na,na,na,na,na,na
download (15).jpg,elephant,na,elephant,na,na,na,na,na,na,na,na
download (15).jpg,elephant,cow,na,na,na,na,na,na,na,na,na
download (15).jpg,cow,elephant,na,na,na,na,na,na,na,na,na
download (15).jpg,elephant,cow,na,na,na,na,na,na,na,na,na
download (15).jpg,cow,elephant,na,na,na,na,na,na,na,na,na
download (15).jpg,elephant,na,cow,na,na,na,na,na,na,na,na
download (15).jpg,cow,na,elephant,na,na,na,na,na,na,na,na
download (15).jpg,elephant,elephant,na,na,na,na,na,na,na,na,na
download (15).jpg,elephant,elephant,na,na,na,na,na,na,na,na,na
download (15).jpg,elephant,elephant,na,na,na,na,na,na,na,na,na
download (15).jpg,elephant,elephant,na,na,na,na,na,na,na,na,na
download (15).jpg,elephant,elephant,na,na,na,na,na,na,na,na,na
download (15).jpg,elephant,elephant,na,na,na,na,na,na,na,na,na
download (15).jpg,cow,elephant,na,na,na,na,na,na,na,na,na
download (15).jpg,elephant,cow,na,na,na,na,na,na,na,na,na
download (15).jpg,cow,cow,na,na,na,na,na,na,na,na,na
download (15).jpg,cow,cow,na,na,na,na,na,na,na,na,na
download (15).jpg,cow,cow,na,na,na,na,na,na,na,na,na
download (15).jpg,cow,cow,na,na,na,na,na,na,na,na,na
download (15).jpg,cow,cow,na,na,na,na,na,na,na,na,na
download (15).jpg,cow,cow,na,na,na,na,na,na,na,na,na
download (15).jpg,cow,elephant,na,na,na,na,na,na,na,na,na
download (15).jpg,elephant,cow,na,na,na,na,na,na,na,na,na
download (15).jpg,cow,na,elephant,na,na,na,na,na,na,na,na
download (15).jpg,elephant,na,cow,na,na,na,na,na,na,na,na
download (15).jpg,cow,elephant,na,na,na,na,na,na,na,na,na
download (15).jpg,elephant,cow,na,na,na,na,na,na,na,na,na
download (15).jpg,elephant,cow,na,na,na,na,na,na,na,na,na
download (15).jpg,cow,elephant,na,na,na,na,na,na,na,na,na
download (15).jpg,elephant,cow,na,na,na,na,na,na,na,na,na
download (15).jpg,cow,elephant,na,na,na,na,na,na,na,na,na
download (15).jpg,elephant,na,cow,na,na,na,na,na,na,na,na
download (15).jpg,cow,na,elephant,na,na,na,na,na,na,na,na
download (15).jpg,elephant,elephant,na,na,na,na,na,na,na,na,na
download (15).jpg,elephant,elephant,na,na,na,na,na,na,na,na,na
download (15).jpg,elephant,elephant,na,na,na,na,na,na,na,na,na
download (15).jpg,elephant,elephant,na,na,na,na,na,na,na,na,na
download (15).jpg,elephant,elephant,na,na,na,na,na,na,na,na,na
download (15).jpg,elephant,elephant,na,na,na,na,na,na,na,na,na
download (15).jpg,cow,cow,na,na,na,na,na,na,na,na,na
download (15).jpg,cow,cow,na,na,na,na,na,na,na,na,na
download (15).jpg,cow,cow,na,na,na,na,na,na,na,na,na
download (15).jpg,cow,cow,na,na,na,na,na,na,na,na,na
download (15).jpg,cow,na,elephant,na,na,na,na,na,na,na,na
download (15).jpg,elephant,na,cow,na,na,na,na,na,na,na,na
download (15).jpg,cow,elephant,na,na,na,na,na,na,na,na,na
download (15).jpg,elephant,cow,na,na,na,na,na,na,na,na,na
download (15).jpg,cow,elephant,na,na,na,na,na,na,na,na,na
download (15).jpg,elephant,cow,na,na,na,na,na,na,na,na,na
download (15).jpg,cow,cow,na,na,na,na,na,na,na,na,na
download (15).jpg,cow,cow,na,na,na,na,na,na,na,na,na
download (15).jpg,cow,elephant,na,na,na,na,na,na,na,na,na
download (15).jpg,elephant,cow,na,na,na,na,na,na,na,na,na
download (15).jpg,cow,elephant,na,na,na,na,na,na,na,na,na
download (15).jpg,elephant,cow,na,na,na,na,na,na,na,na,na
download (15).jpg,cow,elephant,na,na,na,na,na,na,na,na,na
download (15).jpg,elephant,cow,na,na,na,na,na,na,na,na,na
download (15).jpg,cow,elephant,na,na,na,na,na,na,na,na,na
download (15).jpg,elephant,cow,na,na,na,na,na,na,na,na,na
download (15).jpg,cow,elephant,na,na,na,na,na,na,na,na,na
download (15).jpg,elephant,cow,na,na,na,na,na,na,na,na,na
download (15).jpg,cow,elephant,na,na,na,na,na,na,na,na,na
download (15).jpg,elephant,cow,na,na,na,na,na,na,na,na,na
download (15).jpg,elephant,elephant,na,na,na,na,na,na,na,na,na
download (15).jpg,elephant,elephant,na,na,na,na,na,na,na,na,na
download (15).jpg,elephant,elephant,na,na,na,na,na,na,na,na,na
download (15).jpg,elephant,elephant,na,na,na,na,na,na,na,na,na
download (15).jpg,elephant,elephant,na,na,na,na,na,na,na,na,na
download (15).jpg,elephant,elephant,na,na,na,na,na,na,na,na,na
download (16).jpg,elephant,elephant,na,na,na,na,na,na,na,na,na
download (16).jpg,elephant,elephant,na,na,na,na,na,na,na,na,na
download (17).jpg,elephant,car,na,na,na,na,na,na,na,na,na
download (17).jpg,car,elephant,na,na,na,na,na,na,na,na,na
download (17).jpg,elephant,na,elephant,na,na,na,na,na,na,na,na
download (17).jpg,elephant,na,elephant,na,na,na,na,na,na,na,na
download (17).jpg,car,elephant,na,na,na,na,na,na,na,na,na
download (17).jpg,elephant,car,na,na,na,na,na,na,na,na,na
download (18).jpg,car,dog,na,na,na,na,na,na,na,na,na
download (18).jpg,dog,car,na,na,na,na,na,na,na,na,na
download (19).jpg,elephant,car,na,na,na,na,na,na,na,na,na
download (19).jpg,car,elephant,na,na,na,na,na,na,na,na,na
download (2).jpg,car,car,na,na,na,na,na,na,na,na,na
download (2).jpg,car,car,na,na,na,na,na,na,na,na,na
download (3).jpg,person,car,na,na,na,na,na,na,na,na,na
download (3).jpg,car,person,na,na,na,na,na,na,na,na,na
download (7).jpg,bus,traffic light,na,na,na,na,na,na,na,na,na
download (7).jpg,traffic light,bus,na,na,na,na,na,na,na,na,na
download (9).jpg,bus,person,na,na,na,na,na,na,na,na,na
download (9).jpg,person,bus,na,na,na,na,na,na,na,na,na
images (1).jpg,elephant,na,truck,na,na,na,na,na,na,na,na
images (1).jpg,truck,na,elephant,na,na,na,na,na,na,na,na
images (1).jpg,elephant,car,na,na,na,na,na,na,na,na,na
images (1).jpg,car,elephant,na,na,na,na,na,na,na,na,na
images (1).jpg,elephant,truck,na,na,na,na,na,na,na,na,na
images (1).jpg,truck,elephant,na,na,na,na,na,na,na,na,na
images (1).jpg,elephant,car,na,na,na,na,na,na,na,na,na
images (1).jpg,car,elephant,na,na,na,na,na,na,na,na,na
images (1).jpg,truck,car,na,na,na,na,na,na,na,na,na
images (1).jpg,car,truck,na,na,na,na,na,na,na,na,na
images (1).jpg,truck,truck,na,na,na,na,na,na,na,na,na
images (1).jpg,truck,truck,na,na,na,na,na,na,na,na,na
images (1).jpg,truck,car,na,na,na,na,na,na,na,na,na
images (1).jpg,car,truck,na,na,na,na,na,na,na,na,na
images (1).jpg,car,truck,na,na,na,na,na,na,na,na,na
images (1).jpg,truck,car,na,na,na,na,na,na,na,na,na
images (1).jpg,car,na,car,na,na,na,na,na,na,na,na
images (1).jpg,car,na,car,na,na,na,na,na,na,na,na
images (1).jpg,truck,car,na,na,na,na,na,na,na,na,na
images (1).jpg,car,truck,na,na,na,na,na,na,na,na,na
images.jpg,person,car,na,na,na,na,na,na,na,na,na
images.jpg,car,person,na,na,na,na,na,na,na,na,na
images.jpg,person,elephant,na,na,na,na,na,na,na,na,na
images.jpg,elephant,person,na,na,na,na,na,na,na,na,na
images.jpg,person,na,person,na,na,na,na,na,na,na,na
images.jpg,person,na,person,na,na,na,na,na,na,na,na
images.jpg,person,person,na,na,na,na,na,na,na,na,na
images.jpg,person,person,na,na,na,na,na,na,na,na,na
images.jpg,person,person,na,na,na,na,na,na,na,na,na
images.jpg,person,person,na,na,na,na,na,na,na,na,na
images.jpg,car,elephant,na,na,na,na,na,na,na,na,na
images.jpg,elephant,car,na,na,na,na,na,na,na,na,na
images.jpg,car,person,na,na,na,na,na,na,na,na,na
images.jpg,person,car,na,na,na,na,na,na,na,na,na
images.jpg,car,person,na,na,na,na,na,na,na,na,na
images.jpg,person,car,na,na,na,na,na,na,na,na,na
images.jpg,car,person,na,na,na,na,na,na,na,na,na
images.jpg,person,car,na,na,na,na,na,na,na,na,na
images.jpg,elephant,person,na,na,na,na,na,na,na,na,na
images.jpg,person,elephant,na,na,na,na,na,na,na,na,na
images.jpg,elephant,person,na,na,na,na,na,na,na,na,na
images.jpg,person,elephant,na,na,na,na,na,na,na,na,na
images.jpg,elephant,person,na,na,na,na,na,na,na,na,na
images.jpg,person,elephant,na,na,na,na,na,na,na,na,na
images.jpg,person,person,na,na,na,na,na,na,na,na,na
images.jpg,person,person,na,na,na,na,na,na,na,na,na
images.jpg,person,person,na,na,na,na,na,na,na,na,na
images.jpg,person,person,na,na,na,na,na,na,na,na,na
images.jpg,person,person,na,na,na,na,na,na,na,na,na
images.jpg,person,person,na,na,na,na,na,na,na,na,na
download (10).jpg,cat,na,na,na,cup,na,na,na,na,na,na
download (10).jpg,cup,na,na,cat,na,na,na,na,na,na,na
download (12).jpg,cat,na,na,dining table,na,na,na,na,na,na,na
download (12).jpg,dining table,na,na,na,cat,na,na,na,na,na,na
download (14).jpg,elephant,na,na,na,elephant,na,na,na,na,na,na
download (14).jpg,elephant,na,na,elephant,na,na,na,na,na,na,na
download (15).jpg,elephant,na,na,cow,na,na,na,na,na,na,na
download (15).jpg,cow,na,na,na,elephant,na,na,na,na,na,na
download (15).jpg,elephant,na,na,na,elephant,na,na,na,na,na,na
download (15).jpg,elephant,na,na,elephant,na,na,na,na,na,na,na
download (15).jpg,elephant,na,na,na,cow,na,na,na,na,na,na
download (15).jpg,cow,na,na,elephant,na,na,na,na,na,na,na
download (15).jpg,elephant,na,na,na,cow,na,na,na,na,na,na
download (15).jpg,cow,na,na,elephant,na,na,na,na,na,na,na
download (15).jpg,elephant,na,na,cow,na,na,na,na,na,na,na
download (15).jpg,cow,na,na,na,elephant,na,na,na,na,na,na
download (15).jpg,elephant,na,na,na,elephant,na,na,na,na,na,na
download (15).jpg,elephant,na,na,elephant,na,na,na,na,na,na,na
download (15).jpg,elephant,na,na,elephant,na,na,na,na,na,na,na
download (15).jpg,elephant,na,na,na,elephant,na,na,na,na,na,na
download (15).jpg,elephant,na,na,na,elephant,na,na,na,na,na,na
download (15).jpg,elephant,na,na,elephant,na,na,na,na,na,na,na
download (15).jpg,cow,na,na,na,elephant,na,na,na,na,na,na
download (15).jpg,elephant,na,na,cow,na,na,na,na,na,na,na
download (15).jpg,cow,na,na,na,cow,na,na,na,na,na,na
download (15).jpg,cow,na,na,cow,na,na,na,na,na,na,na
download (15).jpg,cow,na,na,na,cow,na,na,na,na,na,na
download (15).jpg,cow,na,na,cow,na,na,na,na,na,na,na
download (15).jpg,cow,na,na,na,cow,na,na,na,na,na,na
download (15).jpg,cow,na,na,cow,na,na,na,na,na,na,na
download (15).jpg,cow,na,na,na,elephant,na,na,na,na,na,na
download (15).jpg,elephant,na,na,cow,na,na,na,na,na,na,na
download (15).jpg,cow,na,na,elephant,na,na,na,na,na,na,na
download (15).jpg,elephant,na,na,na,cow,na,na,na,na,na,na
download (15).jpg,cow,na,na,na,elephant,na,na,na,na,na,na
download (15).jpg,elephant,na,na,cow,na,na,na,na,na,na,na
download (15).jpg,elephant,na,na,cow,na,na,na,na,na,na,na
download (15).jpg,cow,na,na,na,elephant,na,na,na,na,na,na
download (15).jpg,elephant,na,na,na,cow,na,na,na,na,na,na
download (15).jpg,cow,na,na,elephant,na,na,na,na,na,na,na
download (15).jpg,elephant,na,na,cow,na,na,na,na,na,na,na
download (15).jpg,cow,na,na,na,elephant,na,na,na,na,na,na
download (15).jpg,elephant,na,na,na,elephant,na,na,na,na,na,na
download (15).jpg,elephant,na,na,elephant,na,na,na,na,na,na,na
download (15).jpg,elephant,na,na,elephant,na,na,na,na,na,na,na
download (15).jpg,elephant,na,na,na,elephant,na,na,na,na,na,na
download (15).jpg,elephant,na,na,na,elephant,na,na,na,na,na,na
download (15).jpg,elephant,na,na,elephant,na,na,na,na,na,na,na
download (15).jpg,cow,na,na,na,cow,na,na,na,na,na,na
download (15).jpg,cow,na,na,cow,na,na,na,na,na,na,na
download (15).jpg,cow,na,na,cow,na,na,na,na,na,na,na
download (15).jpg,cow,na,na,na,cow,na,na,na,na,na,na
download (15).jpg,cow,na,na,na,elephant,na,na,na,na,na,na
download (15).jpg,elephant,na,na,cow,na,na,na,na,na,na,na
download (15).jpg,cow,na,na,elephant,na,na,na,na,na,na,na
download (15).jpg,elephant,na,na,na,cow,na,na,na,na,na,na
download (15).jpg,cow,na,na,na,elephant,na,na,na,na,na,na
download (15).jpg,elephant,na,na,cow,na,na,na,na,na,na,na
download (15).jpg,cow,na,na,cow,na,na,na,na,na,na,na
download (15).jpg,cow,na,na,na,cow,na,na,na,na,na,na
download (15).jpg,cow,na,na,elephant,na,na,na,na,na,na,na
download (15).jpg,elephant,na,na,na,cow,na,na,na,na,na,na
download (15).jpg,cow,na,na,elephant,na,na,na,na,na,na,na
download (15).jpg,elephant,na,na,na,cow,na,na,na,na,na,na
download (15).jpg,cow,na,na,na,elephant,na,na,na,na,na,na
download (15).jpg,elephant,na,na,cow,na,na,na,na,na,na,na
download (15).jpg,cow,na,na,na,elephant,na,na,na,na,na,na
download (15).jpg,elephant,na,na,cow,na,na,na,na,na,na,na
download (15).jpg,cow,na,na,elephant,na,na,na,na,na,na,na
download (15).jpg,elephant,na,na,na,cow,na,na,na,na,na,na
download (15).jpg,cow,na,na,na,elephant,na,na,na,na,na,na
download (15).jpg,elephant,na,na,cow,na,na,na,na,na,na,na
download (15).jpg,elephant,na,na,elephant,na,na,na,na,na,na,na
download (15).jpg,elephant,na,na,na,elephant,na,na,na,na,na,na
download (15).jpg,elephant,na,na,na,elephant,na,na,na,na,na,na
download (15).jpg,elephant,na,na,elephant,na,na,na,na,na,na,na
download (15).jpg,elephant,na,na,na,elephant,na,na,na,na,na,na
download (15).jpg,elephant,na,na,elephant,na,na,na,na,na,na,na
download (16).jpg,elephant,na,na,na,elephant,na,na,na,na,na,na
download (16).jpg,elephant,na,na,elephant,na,na,na,na,na,na,na
download (17).jpg,elephant,na,na,na,car,na,na,na,na,na,na
download (17).jpg,car,na,na,elephant,na,na,na,na,na,na,na
download (17).jpg,elephant,na,na,na,elephant,na,na,na,na,na,na
download (17).jpg,elephant,na,na,elephant,na,na,na,na,na,na,na
download (17).jpg,car,na,na,elephant,na,na,na,na,na,na,na
download (17).jpg,elephant,na,na,na,car,na,na,na,na,na,na
download (18).jpg,car,na,na,dog,na,na,na,na,na,na,na
download (18).jpg,dog,na,na,na,car,na,na,na,na,na,na
download (19).jpg,elephant,na,na,na,car,na,na,na,na,na,na
download (19).jpg,car,na,na,elephant,na,na,na,na,na,na,na
download (2).jpg,car,na,na,na,car,na,na,na,na,na,na
download (2).jpg,car,na,na,car,na,na,na,na,na,na,na
download (3).jpg,person,na,na,car,na,na,na,na,na,na,na
download (3).jpg,car,na,na,na,person,na,na,na,na,na,na
download (7).jpg,bus,na,na,na,traffic light,na,na,na,na,na,na
download (7).jpg,traffic light,na,na,bus,na,na,na,na,na,na,na
download (9).jpg,bus,na,na,na,person,na,na,na,na,na,na
download (9).jpg,person,na,na,bus,na,na,na,na,na,na,na
images (1).jpg,elephant,na,na,truck,na,na,na,na,na,na,na
images (1).jpg,truck,na,na,na,elephant,na,na,na,na,na,na
images (1).jpg,elephant,na,na,na,car,na,na,na,na,na,na
images (1).jpg,car,na,na,elephant,na,na,na,na,na,na,na
images (1).jpg,elephant,na,na,truck,na,na,na,na,na,na,na
images (1).jpg,truck,na,na,na,elephant,na,na,na,na,na,na
images (1).jpg,elephant,na,na,na,car,na,na,na,na,na,na
images (1).jpg,car,na,na,elephant,na,na,na,na,na,na,na
images (1).jpg,truck,na,na,na,car,na,na,na,na,na,na
images (1).jpg,car,na,na,truck,na,na,na,na,na,na,na
images (1).jpg,truck,na,na,truck,na,na,na,na,na,na,na
images (1).jpg,truck,na,na,na,truck,na,na,na,na,na,na
images (1).jpg,truck,na,na,na,car,na,na,na,na,na,na
images (1).jpg,car,na,na,truck,na,na,na,na,na,na,na
images (1).jpg,car,na,na,truck,na,na,na,na,na,na,na
images (1).jpg,truck,na,na,na,car,na,na,na,na,na,na
images (1).jpg,car,na,na,car,na,na,na,na,na,na,na
images (1).jpg,car,na,na,na,car,na,na,na,na,na,na
images (1).jpg,truck,na,na,na,car,na,na,na,na,na,na
images (1).jpg,car,na,na,truck,na,na,na,na,na,na,na
images.jpg,person,na,na,car,na,na,na,na,na,na,na
images.jpg,car,na,na,na,person,na,na,na,na,na,na
images.jpg,person,na,na,elephant,na,na,na,na,na,na,na
images.jpg,elephant,na,na,na,person,na,na,na,na,na,na
images.jpg,person,na,na,na,person,na,na,na,na,na,na
images.jpg,person,na,na,person,na,na,na,na,na,na,na
images.jpg,person,na,na,na,person,na,na,na,na,na,na
images.jpg,person,na,na,person,na,na,na,na,na,na,na
images.jpg,person,na,na,na,person,na,na,na,na,na,na
images.jpg,person,na,na,person,na,na,na,na,na,na,na
images.jpg,car,na,na,elephant,na,na,na,na,na,na,na
images.jpg,elephant,na,na,na,car,na,na,na,na,na,na
images.jpg,car,na,na,na,person,na,na,na,na,na,na
images.jpg,person,na,na,car,na,na,na,na,na,na,na
images.jpg,car,na,na,na,person,na,na,na,na,na,na
images.jpg,person,na,na,car,na,na,na,na,na,na,na
images.jpg,car,na,na,na,person,na,na,na,na,na,na
images.jpg,person,na,na,car,na,na,na,na,na,na,na
images.jpg,elephant,na,na,na,person,na,na,na,na,na,na
images.jpg,person,na,na,elephant,na,na,na,na,na,na,na
images.jpg,elephant,na,na,na,person,na,na,na,na,na,na
images.jpg,person,na,na,elephant,na,na,na,na,na,na,na
images.jpg,elephant,na,na,na,person,na,na,na,na,na,na
images.jpg,person,na,na,elephant,na,na,na,na,na,na,na
images.jpg,person,na,na,na,person,na,na,na,na,na,na
images.jpg,person,na,na,person,na,na,na,na,na,na,na
images.jpg,person,na,na,na,person,na,na,na,na,na,na
images.jpg,person,na,na,person,na,na,na,na,na,na,na
images.jpg,person,na,na,na,person,na,na,na,na,na,na
images.jpg,person,na,na,person,na,na,na,na,na,na,na
download (10).jpg,cat,na,na,na,na,cup,na,na,na,na,na
download (10).jpg,cup,na,na,na,na,cat,na,na,na,na,na
download (12).jpg,cat,na,na,na,na,dining table,na,na,na,na,na
download (12).jpg,dining table,na,na,na,na,cat,na,na,na,na,na
download (14).jpg,elephant,na,na,na,na,elephant,na,na,na,na,na
download (14).jpg,elephant,na,na,na,na,elephant,na,na,na,na,na
download (15).jpg,elephant,na,na,na,na,na,cow,na,na,na,na
download (15).jpg,cow,na,na,na,na,na,elephant,na,na,na,na
download (15).jpg,elephant,na,na,na,na,na,elephant,na,na,na,na
download (15).jpg,elephant,na,na,na,na,na,elephant,na,na,na,na
download (15).jpg,elephant,na,na,na,na,na,cow,na,na,na,na
download (15).jpg,cow,na,na,na,na,na,elephant,na,na,na,na
download (15).jpg,elephant,na,na,na,na,na,cow,na,na,na,na
download (15).jpg,cow,na,na,na,na,na,elephant,na,na,na,na
download (15).jpg,elephant,na,na,na,na,cow,na,na,na,na,na
download (15).jpg,cow,na,na,na,na,elephant,na,na,na,na,na
download (15).jpg,elephant,na,na,na,na,na,elephant,na,na,na,na
download (15).jpg,elephant,na,na,na,na,na,elephant,na,na,na,na
download (15).jpg,elephant,na,na,na,na,na,elephant,na,na,na,na
download (15).jpg,elephant,na,na,na,na,na,elephant,na,na,na,na
download (15).jpg,elephant,na,na,na,na,na,elephant,na,na,na,na
download (15).jpg,elephant,na,na,na,na,na,elephant,na,na,na,na
download (15).jpg,cow,na,na,na,na,na,elephant,na,na,na,na
download (15).jpg,elephant,na,na,na,na,na,cow,na,na,na,na
download (15).jpg,cow,na,na,na,na,na,cow,na,na,na,na
download (15).jpg,cow,na,na,na,na,na,cow,na,na,na,na
download (15).jpg,cow,na,na,na,na,na,cow,na,na,na,na
download (15).jpg,cow,na,na,na,na,na,cow,na,na,na,na
download (15).jpg,cow,na,na,na,na,na,cow,na,na,na,na
download (15).jpg,cow,na,na,na,na,na,cow,na,na,na,na
download (15).jpg,cow,na,na,na,na,elephant,na,na,na,na,na
download (15).jpg,elephant,na,na,na,na,cow,na,na,na,na,na
download (15).jpg,cow,na,na,na,na,elephant,na,na,na,na,na
download (15).jpg,elephant,na,na,na,na,cow,na,na,na,na,na
download (15).jpg,cow,na,na,na,na,na,elephant,na,na,na,na
download (15).jpg,elephant,na,na,na,na,na,cow,na,na,na,na
download (15).jpg,elephant,na,na,na,na,na,cow,na,na,na,na
download (15).jpg,cow,na,na,na,na,na,elephant,na,na,na,na
download (15).jpg,elephant,na,na,na,na,na,cow,na,na,na,na
download (15).jpg,cow,na,na,na,na,na,elephant,na,na,na,na
download (15).jpg,elephant,na,na,na,na,cow,na,na,na,na,na
download (15).jpg,cow,na,na,na,na,elephant,na,na,na,na,na
download (15).jpg,elephant,na,na,na,na,na,elephant,na,na,na,na
download (15).jpg,elephant,na,na,na,na,na,elephant,na,na,na,na
download (15).jpg,elephant,na,na,na,na,na,elephant,na,na,na,na
download (15).jpg,elephant,na,na,na,na,na,elephant,na,na,na,na
download (15).jpg,elephant,na,na,na,na,na,elephant,na,na,na,na
download (15).jpg,elephant,na,na,na,na,na,elephant,na,na,na,na
download (15).jpg,cow,na,na,na,na,na,cow,na,na,na,na
download (15).jpg,cow,na,na,na,na,na,cow,na,na,na,na
download (15).jpg,cow,na,na,na,na,na,cow,na,na,na,na
download (15).jpg,cow,na,na,na,na,na,cow,na,na,na,na
download (15).jpg,cow,na,na,na,na,elephant,na,na,na,na,na
download (15).jpg,elephant,na,na,na,na,cow,na,na,na,na,na
download (15).jpg,cow,na,na,na,na,na,elephant,na,na,na,na
download (15).jpg,elephant,na,na,na,na,na,cow,na,na,na,na
download (15).jpg,cow,na,na,na,na,na,elephant,na,na,na,na
download (15).jpg,elephant,na,na,na,na,na,cow,na,na,na,na
download (15).jpg,cow,na,na,na,na,na,cow,na,na,na,na
download (15).jpg,cow,na,na,na,na,na,cow,na,na,na,na
download (15).jpg,cow,na,na,na,na,na,elephant,na,na,na,na
download (15).jpg,elephant,na,na,na,na,na,cow,na,na,na,na
download (15).jpg,cow,na,na,na,na,na,elephant,na,na,na,na
download (15).jpg,elephant,na,na,na,na,na,cow,na,na,na,na
download (15).jpg,cow,na,na,na,na,elephant,na,na,na,na,na
download (15).jpg,elephant,na,na,na,na,cow,na,na,na,na,na
download (15).jpg,cow,na,na,na,na,na,elephant,na,na,na,na
download (15).jpg,elephant,na,na,na,na,na,cow,na,na,na,na
download (15).jpg,cow,na,na,na,na,na,elephant,na,na,na,na
download (15).jpg,elephant,na,na,na,na,na,cow,na,na,na,na
download (15).jpg,cow,na,na,na,na,na,elephant,na,na,na,na
download (15).jpg,elephant,na,na,na,na,na,cow,na,na,na,na
download (15).jpg,elephant,na,na,na,na,elephant,na,na,na,na,na
download (15).jpg,elephant,na,na,na,na,elephant,na,na,na,na,na
download (15).jpg,elephant,na,na,na,na,na,elephant,na,na,na,na
download (15).jpg,elephant,na,na,na,na,na,elephant,na,na,na,na
download (15).jpg,elephant,na,na,na,na,elephant,na,na,na,na,na
download (15).jpg,elephant,na,na,na,na,elephant,na,na,na,na,na
download (16).jpg,elephant,na,na,na,na,elephant,na,na,na,na,na
download (16).jpg,elephant,na,na,na,na,elephant,na,na,na,na,na
download (17).jpg,elephant,na,na,na,na,car,na,na,na,na,na
download (17).jpg,car,na,na,na,na,elephant,na,na,na,na,na
download (17).jpg,elephant,na,na,na,na,elephant,na,na,na,na,na
download (17).jpg,elephant,na,na,na,na,elephant,na,na,na,na,na
download (17).jpg,car,na,na,na,na,elephant,na,na,na,na,na
download (17).jpg,elephant,na,na,na,na,car,na,na,na,na,na
download (18).jpg,car,na,na,na,na,dog,na,na,na,na,na
download (18).jpg,dog,na,na,na,na,car,na,na,na,na,na
download (19).jpg,elephant,na,na,na,na,car,na,na,na,na,na
download (19).jpg,car,na,na,na,na,elephant,na,na,na,na,na
download (2).jpg,car,na,na,na,na,na,car,na,na,na,na
download (2).jpg,car,na,na,na,na,na,car,na,na,na,na
download (3).jpg,person,na,na,na,na,na,car,na,na,na,na
download (3).jpg,car,na,na,na,na,na,person,na,na,na,na
download (7).jpg,bus,na,na,na,na,na,traffic light,na,na,na,na
download (7).jpg,traffic light,na,na,na,na,na,bus,na,na,na,na
download (9).jpg,bus,na,na,na,na,na,person,na,na,na,na
download (9).jpg,person,na,na,na,na,na,bus,na,na,na,na
images (1).jpg,elephant,na,na,na,na,truck,na,na,na,na,na
images (1).jpg,truck,na,na,na,na,elephant,na,na,na,na,na
images (1).jpg,elephant,na,na,na,na,car,na,na,na,na,na
images (1).jpg,car,na,na,na,na,elephant,na,na,na,na,na
images (1).jpg,elephant,na,na,na,na,truck,na,na,na,na,na
images (1).jpg,truck,na,na,na,na,elephant,na,na,na,na,na
images (1).jpg,elephant,na,na,na,na,car,na,na,na,na,na
images (1).jpg,car,na,na,na,na,elephant,na,na,na,na,na
images (1).jpg,truck,na,na,na,na,car,na,na,na,na,na
images (1).jpg,car,na,na,na,na,truck,na,na,na,na,na
images (1).jpg,truck,na,na,na,na,truck,na,na,na,na,na
images (1).jpg,truck,na,na,na,na,truck,na,na,na,na,na
images (1).jpg,truck,na,na,na,na,car,na,na,na,na,na
images (1).jpg,car,na,na,na,na,truck,na,na,na,na,na
images (1).jpg,car,na,na,na,na,truck,na,na,na,na,na
images (1).jpg,truck,na,na,na,na,car,na,na,na,na,na
images (1).jpg,car,na,na,na,na,car,na,na,na,na,na
images (1).jpg,car,na,na,na,na,car,na,na,na,na,na
images (1).jpg,truck,na,na,na,na,car,na,na,na,na,na
images (1).jpg,car,na,na,na,na,truck,na,na,na,na,na
images.jpg,person,na,na,na,na,car,na,na,na,na,na
images.jpg,car,na,na,na,na,person,na,na,na,na,na
images.jpg,person,na,na,na,na,elephant,na,na,na,na,na
images.jpg,elephant,na,na,na,na,person,na,na,na,na,na
images.jpg,person,na,na,na,na,na,person,na,na,na,na
images.jpg,person,na,na,na,na,na,person,na,na,na,na
images.jpg,person,na,na,na,na,na,person,na,na,na,na
images.jpg,person,na,na,na,na,na,person,na,na,na,na
images.jpg,person,na,na,na,na,na,person,na,na,na,na
images.jpg,person,na,na,na,na,na,person,na,na,na,na
images.jpg,car,na,na,na,na,elephant,na,na,na,na,na
images.jpg,elephant,na,na,na,na,car,na,na,na,na,na
images.jpg,car,na,na,na,na,na,person,na,na,na,na
images.jpg,person,na,na,na,na,na,car,na,na,na,na
images.jpg,car,na,na,na,na,person,na,na,na,na,na
images.jpg,person,na,na,na,na,car,na,na,na,na,na
images.jpg,car,na,na,na,na,person,na,na,na,na,na
images.jpg,person,na,na,na,na,car,na,na,na,na,na
images.jpg,elephant,na,na,na,na,na,person,na,na,na,na
images.jpg,person,na,na,na,na,na,elephant,na,na,na,na
images.jpg,elephant,na,na,na,na,na,person,na,na,na,na
images.jpg,person,na,na,na,na,na,elephant,na,na,na,na
images.jpg,elephant,na,na,na,na,na,person,na,na,na,na
images.jpg,person,na,na,na,na,na,elephant,na,na,na,na
images.jpg,person,na,na,na,na,na,person,na,na,na,na
images.jpg,person,na,na,na,na,na,person,na,na,na,na
images.jpg,person,na,na,na,na,na,person,na,na,na,na
images.jpg,person,na,na,na,na,na,person,na,na,na,na
images.jpg,person,na,na,na,na,person,na,na,na,na,na
images.jpg,person,na,na,na,na,person,na,na,na,na,na
download (10).jpg,cat,na,na,na,na,na,na,cup,na,na,na
download (10).jpg,cup,na,na,na,na,na,na,na,cat,na,na
download (12).jpg,cat,na,na,na,na,na,na,na,dining table,na,na
download (12).jpg,dining table,na,na,na,na,na,na,cat,na,na,na
download (14).jpg,elephant,na,na,na,na,na,na,elephant,na,na,na
download (14).jpg,elephant,na,na,na,na,na,na,na,elephant,na,na
download (15).jpg,elephant,na,na,na,na,na,na,cow,na,na,na
download (15).jpg,cow,na,na,na,na,na,na,na,elephant,na,na
download (15).jpg,elephant,na,na,na,na,na,na,na,elephant,na,na
download (15).jpg,elephant,na,na,na,na,na,na,elephant,na,na,na
download (15).jpg,elephant,na,na,na,na,na,na,cow,na,na,na
download (15).jpg,cow,na,na,na,na,na,na,na,elephant,na,na
download (15).jpg,elephant,na,na,na,na,na,na,cow,na,na,na
download (15).jpg,cow,na,na,na,na,na,na,na,elephant,na,na
download (15).jpg,elephant,na,na,na,na,na,na,na,cow,na,na
download (15).jpg,cow,na,na,na,na,na,na,elephant,na,na,na
download (15).jpg,elephant,na,na,na,na,na,na,elephant,na,na,na
download (15).jpg,elephant,na,na,na,na,na,na,na,elephant,na,na
download (15).jpg,elephant,na,na,na,na,na,na,elephant,na,na,na
download (15).jpg,elephant,na,na,na,na,na,na,na,elephant,na,na
download (15).jpg,elephant,na,na,na,na,na,na,elephant,na,na,na
download (15).jpg,elephant,na,na,na,na,na,na,na,elephant,na,na
download (15).jpg,cow,na,na,na,na,na,na,na,elephant,na,na
download (15).jpg,elephant,na,na,na,na,na,na,cow,na,na,na
download (15).jpg,cow,na,na,na,na,na,na,cow,na,na,na
download (15).jpg,cow,na,na,na,na,na,na,na,cow,na,na
download (15).jpg,cow,na,na,na,na,na,na,na,cow,na,na
download (15).jpg,cow,na,na,na,na,na,na,cow,na,na,na
download (15).jpg,cow,na,na,na,na,na,na,na,cow,na,na
download (15).jpg,cow,na,na,na,na,na,na,cow,na,na,na
download (15).jpg,cow,na,na,na,na,na,na,elephant,na,na,na
download (15).jpg,elephant,na,na,na,na,na,na,na,cow,na,na
download (15).jpg,cow,na,na,na,na,na,na,na,elephant,na,na
download (15).jpg,elephant,na,na,na,na,na,na,cow,na,na,na
download (15).jpg,cow,na,na,na,na,na,na,na,elephant,na,na
download (15).jpg,elephant,na,na,na,na,na,na,cow,na,na,na
download (15).jpg,elephant,na,na,na,na,na,na,cow,na,na,na
download (15).jpg,cow,na,na,na,na,na,na,na,elephant,na,na
download (15).jpg,elephant,na,na,na,na,na,na,cow,na,na,na
download (15).jpg,cow,na,na,na,na,na,na,na,elephant,na,na
download (15).jpg,elephant,na,na,na,na,na,na,cow,na,na,na
download (15).jpg,cow,na,na,na,na,na,na,na,elephant,na,na
download (15).jpg,elephant,na,na,na,na,na,na,elephant,na,na,na
download (15).jpg,elephant,na,na,na,na,na,na,na,elephant,na,na
download (15).jpg,elephant,na,na,na,na,na,na,elephant,na,na,na
download (15).jpg,elephant,na,na,na,na,na,na,na,elephant,na,na
download (15).jpg,elephant,na,na,na,na,na,na,elephant,na,na,na
download (15).jpg,elephant,na,na,na,na,na,na,na,elephant,na,na
download (15).jpg,cow,na,na,na,na,na,na,na,cow,na,na
download (15).jpg,cow,na,na,na,na,na,na,cow,na,na,na
download (15).jpg,cow,na,na,na,na,na,na,na,cow,na,na
download (15).jpg,cow,na,na,na,na,na,na,cow,na,na,na
download (15).jpg,cow,na,na,na,na,na,na,na,elephant,na,na
download (15).jpg,elephant,na,na,na,na,na,na,cow,na,na,na
download (15).jpg,cow,na,na,na,na,na,na,na,elephant,na,na
download (15).jpg,elephant,na,na,na,na,na,na,cow,na,na,na
download (15).jpg,cow,na,na,na,na,na,na,na,elephant,na,na
download (15).jpg,elephant,na,na,na,na,na,na,cow,na,na,na
download (15).jpg,cow,na,na,na,na,na,na,na,cow,na,na
download (15).jpg,cow,na,na,na,na,na,na,cow,na,na,na
download (15).jpg,cow,na,na,na,na,na,na,elephant,na,na,na
download (15).jpg,elephant,na,na,na,na,na,na,na,cow,na,na
download (15).jpg,cow,na,na,na,na,na,na,elephant,na,na,na
download (15).jpg,elephant,na,na,na,na,na,na,na,cow,na,na
download (15).jpg,cow,na,na,na,na,na,na,elephant,na,na,na
download (15).jpg,elephant,na,na,na,na,na,na,na,cow,na,na
download (15).jpg,cow,na,na,na,na,na,na,elephant,na,na,na
download (15).jpg,elephant,na,na,na,na,na,na,na,cow,na,na
download (15).jpg,cow,na,na,na,na,na,na,elephant,na,na,na
download (15).jpg,elephant,na,na,na,na,na,na,na,cow,na,na
download (15).jpg,cow,na,na,na,na,na,na,elephant,na,na,na
download (15).jpg,elephant,na,na,na,na,na,na,na,cow,na,na
download (15).jpg,elephant,na,na,na,na,na,na,na,elephant,na,na
download (15).jpg,elephant,na,na,na,na,na,na,elephant,na,na,na
download (15).jpg,elephant,na,na,na,na,na,na,na,elephant,na,na
download (15).jpg,elephant,na,na,na,na,na,na,elephant,na,na,na
download (15).jpg,elephant,na,na,na,na,na,na,na,elephant,na,na
download (15).jpg,elephant,na,na,na,na,na,na,elephant,na,na,na
download (16).jpg,elephant,na,na,na,na,na,na,na,elephant,na,na
download (16).jpg,elephant,na,na,na,na,na,na,elephant,na,na,na
download (17).jpg,elephant,na,na,na,na,na,na,na,car,na,na
download (17).jpg,car,na,na,na,na,na,na,elephant,na,na,na
download (17).jpg,elephant,na,na,na,na,na,na,na,elephant,na,na
download (17).jpg,elephant,na,na,na,na,na,na,elephant,na,na,na
download (17).jpg,car,na,na,na,na,na,na,elephant,na,na,na
download (17).jpg,elephant,na,na,na,na,na,na,na,car,na,na
download (18).jpg,car,na,na,na,na,na,na,dog,na,na,na
download (18).jpg,dog,na,na,na,na,na,na,na,car,na,na
download (19).jpg,elephant,na,na,na,na,na,na,car,na,na,na
download (19).jpg,car,na,na,na,na,na,na,na,elephant,na,na
download (2).jpg,car,na,na,na,na,na,na,na,car,na,na
download (2).jpg,car,na,na,na,na,na,na,car,na,na,na
download (3).jpg,person,na,na,na,na,na,na,car,na,na,na
download (3).jpg,car,na,na,na,na,na,na,na,person,na,na
download (7).jpg,bus,na,na,na,na,na,na,traffic light,na,na,na
download (7).jpg,traffic light,na,na,na,na,na,na,na,bus,na,na
download (9).jpg,bus,na,na,na,na,na,na,na,person,na,na
download (9).jpg,person,na,na,na,na,na,na,bus,na,na,na
images (1).jpg,elephant,na,na,na,na,na,na,truck,na,na,na
images (1).jpg,truck,na,na,na,na,na,na,na,elephant,na,na
images (1).jpg,elephant,na,na,na,na,na,na,na,car,na,na
images (1).jpg,car,na,na,na,na,na,na,elephant,na,na,na
images (1).jpg,elephant,na,na,na,na,na,na,truck,na,na,na
images (1).jpg,truck,na,na,na,na,na,na,na,elephant,na,na
images (1).jpg,elephant,na,na,na,na,na,na,na,car,na,na
images (1).jpg,car,na,na,na,na,na,na,elephant,na,na,na
images (1).jpg,truck,na,na,na,na,na,na,na,car,na,na
images (1).jpg,car,na,na,na,na,na,na,truck,na,na,na
images (1).jpg,truck,na,na,na,na,na,na,truck,na,na,na
images (1).jpg,truck,na,na,na,na,na,na,na,truck,na,na
images (1).jpg,truck,na,na,na,na,na,na,na,car,na,na
images (1).jpg,car,na,na,na,na,na,na,truck,na,na,na
images (1).jpg,car,na,na,na,na,na,na,truck,na,na,na
images (1).jpg,truck,na,na,na,na,na,na,na,car,na,na
images (1).jpg,car,na,na,na,na,na,na,car,na,na,na
images (1).jpg,car,na,na,na,na,na,na,na,car,na,na
images (1).jpg,truck,na,na,na,na,na,na,na,car,na,na
images (1).jpg,car,na,na,na,na,na,na,truck,na,na,na
images.jpg,person,na,na,na,na,na,na,car,na,na,na
images.jpg,car,na,na,na,na,na,na,na,person,na,na
images.jpg,person,na,na,na,na,na,na,elephant,na,na,na
images.jpg,elephant,na,na,na,na,na,na,na,person,na,na
images.jpg,person,na,na,na,na,na,na,na,person,na,na
images.jpg,person,na,na,na,na,na,na,person,na,na,na
images.jpg,person,na,na,na,na,na,na,person,na,na,na
images.jpg,person,na,na,na,na,na,na,na,person,na,na
images.jpg,person,na,na,na,na,na,na,person,na,na,na
images.jpg,person,na,na,na,na,na,na,na,person,na,na
images.jpg,car,na,na,na,na,na,na,na,elephant,na,na
images.jpg,elephant,na,na,na,na,na,na,car,na,na,na
images.jpg,car,na,na,na,na,na,na,na,person,na,na
images.jpg,person,na,na,na,na,na,na,car,na,na,na
images.jpg,car,na,na,na,na,na,na,person,na,na,na
images.jpg,person,na,na,na,na,na,na,na,car,na,na
images.jpg,car,na,na,na,na,na,na,person,na,na,na
images.jpg,person,na,na,na,na,na,na,na,car,na,na
images.jpg,elephant,na,na,na,na,na,na,na,person,na,na
images.jpg,person,na,na,na,na,na,na,elephant,na,na,na
images.jpg,elephant,na,na,na,na,na,na,person,na,na,na
images.jpg,person,na,na,na,na,na,na,na,elephant,na,na
images.jpg,elephant,na,na,na,na,na,na,person,na,na,na
images.jpg,person,na,na,na,na,na,na,na,elephant,na,na
images.jpg,person,na,na,na,na,na,na,person,na,na,na
images.jpg,person,na,na,na,na,na,na,na,person,na,na
images.jpg,person,na,na,na,na,na,na,person,na,na,na
images.jpg,person,na,na,na,na,na,na,na,person,na,na
download (10).jpg,cat,na,na,na,na,na,na,na,na,cup,na
download (10).jpg,cup,na,na,na,na,na,na,na,na,na,cat
download (14).jpg,elephant,na,na,na,na,na,na,na,na,elephant,na
download (14).jpg,elephant,na,na,na,na,na,na,na,na,na,elephant
download (15).jpg,elephant,na,na,na,na,na,na,na,na,na,cow
download (15).jpg,cow,na,na,na,na,na,na,na,na,elephant,na
download (15).jpg,elephant,na,na,na,na,na,na,na,na,elephant,na
download (15).jpg,elephant,na,na,na,na,na,na,na,na,na,elephant
download (15).jpg,elephant,na,na,na,na,na,na,na,na,na,cow
download (15).jpg,cow,na,na,na,na,na,na,na,na,elephant,na
download (15).jpg,elephant,na,na,na,na,na,na,na,na,na,cow
download (15).jpg,cow,na,na,na,na,na,na,na,na,elephant,na
download (15).jpg,elephant,na,na,na,na,na,na,na,na,cow,na
download (15).jpg,cow,na,na,na,na,na,na,na,na,na,elephant
download (15).jpg,elephant,na,na,na,na,na,na,na,na,na,elephant
download (15).jpg,elephant,na,na,na,na,na,na,na,na,elephant,na
download (15).jpg,elephant,na,na,na,na,na,na,na,na,elephant,na
download (15).jpg,elephant,na,na,na,na,na,na,na,na,na,elephant
download (15).jpg,elephant,na,na,na,na,na,na,na,na,na,elephant
download (15).jpg,elephant,na,na,na,na,na,na,na,na,elephant,na
download (15).jpg,cow,na,na,na,na,na,na,na,na,elephant,na
download (15).jpg,elephant,na,na,na,na,na,na,na,na,na,cow
download (15).jpg,cow,na,na,na,na,na,na,na,na,na,cow
download (15).jpg,cow,na,na,na,na,na,na,na,na,cow,na
download (15).jpg,cow,na,na,na,na,na,na,na,na,na,cow
download (15).jpg,cow,na,na,na,na,na,na,na,na,cow,na
download (15).jpg,cow,na,na,na,na,na,na,na,na,cow,na
download (15).jpg,cow,na,na,na,na,na,na,na,na,na,cow
download (15).jpg,cow,na,na,na,na,na,na,na,na,na,elephant
download (15).jpg,elephant,na,na,na,na,na,na,na,na,cow,na
download (15).jpg,cow,na,na,na,na,na,na,na,na,elephant,na
download (15).jpg,elephant,na,na,na,na,na,na,na,na,na,cow
download (15).jpg,cow,na,na,na,na,na,na,na,na,na,elephant
download (15).jpg,elephant,na,na,na,na,na,na,na,na,cow,na
download (15).jpg,elephant,na,na,na,na,na,na,na,na,na,cow
download (15).jpg,cow,na,na,na,na,na,na,na,na,elephant,na
download (15).jpg,elephant,na,na,na,na,na,na,na,na,na,cow
download (15).jpg,cow,na,na,na,na,na,na,na,na,elephant,na
download (15).jpg,elephant,na,na,na,na,na,na,na,na,na,cow
download (15).jpg,cow,na,na,na,na,na,na,na,na,elephant,na
download (15).jpg,elephant,na,na,na,na,na,na,na,na,na,elephant
download (15).jpg,elephant,na,na,na,na,na,na,na,na,elephant,na
download (15).jpg,elephant,na,na,na,na,na,na,na,na,na,elephant
download (15).jpg,elephant,na,na,na,na,na,na,na,na,elephant,na
download (15).jpg,elephant,na,na,na,na,na,na,na,na,na,elephant
download (15).jpg,elephant,na,na,na,na,na,na,na,na,elephant,na
download (15).jpg,cow,na,na,na,na,na,na,na,na,na,cow
download (15).jpg,cow,na,na,na,na,na,na,na,na,cow,na
download (15).jpg,cow,na,na,na,na,na,na,na,na,cow,na
download (15).jpg,cow,na,na,na,na,na,na,na,na,na,cow
download (15).jpg,cow,na,na,na,na,na,na,na,na,elephant,na
download (15).jpg,elephant,na,na,na,na,na,na,na,na,na,cow
download (15).jpg,cow,na,na,na,na,na,na,na,na,elephant,na
download (15).jpg,elephant,na,na,na,na,na,na,na,na,na,cow
download (15).jpg,cow,na,na,na,na,na,na,na,na,na,elephant
download (15).jpg,elephant,na,na,na,na,na,na,na,na,cow,na
download (15).jpg,cow,na,na,na,na,na,na,na,na,cow,na
download (15).jpg,cow,na,na,na,na,na,na,na,na,na,cow
download (15).jpg,cow,na,na,na,na,na,na,na,na,elephant,na
download (15).jpg,elephant,na,na,na,na,na,na,na,na,na,cow
download (15).jpg,cow,na,na,na,na,na,na,na,na,elephant,na
download (15).jpg,elephant,na,na,na,na,na,na,na,na,na,cow
download (15).jpg,cow,na,na,na,na,na,na,na,na,na,elephant
download (15).jpg,elephant,na,na,na,na,na,na,na,na,cow,na
download (15).jpg,cow,na,na,na,na,na,na,na,na,na,elephant
download (15).jpg,elephant,na,na,na,na,na,na,na,na,cow,na
download (15).jpg,cow,na,na,na,na,na,na,na,na,na,elephant
download (15).jpg,elephant,na,na,na,na,na,na,na,na,cow,na
download (15).jpg,elephant,na,na,na,na,na,na,na,na,elephant,na
download (15).jpg,elephant,na,na,na,na,na,na,na,na,na,elephant
download (15).jpg,elephant,na,na,na,na,na,na,na,na,na,elephant
download (15).jpg,elephant,na,na,na,na,na,na,na,na,elephant,na
download (15).jpg,elephant,na,na,na,na,na,na,na,na,na,elephant
download (15).jpg,elephant,na,na,na,na,na,na,na,na,elephant,na
download (16).jpg,elephant,na,na,na,na,na,na,na,na,na,elephant
download (16).jpg,elephant,na,na,na,na,na,na,na,na,elephant,na
download (17).jpg,elephant,na,na,na,na,na,na,na,na,na,car
download (17).jpg,car,na,na,na,na,na,na,na,na,elephant,na
download (17).jpg,elephant,na,na,na,na,na,na,na,na,na,elephant
download (17).jpg,elephant,na,na,na,na,na,na,na,na,elephant,na
download (17).jpg,car,na,na,na,na,na,na,na,na,elephant,na
download (17).jpg,elephant,na,na,na,na,na,na,na,na,na,car
download (18).jpg,car,na,na,na,na,na,na,na,na,dog,na
download (18).jpg,dog,na,na,na,na,na,na,na,na,na,car
download (19).jpg,elephant,na,na,na,na,na,na,na,na,na,car
download (19).jpg,car,na,na,na,na,na,na,na,na,elephant,na
download (2).jpg,car,na,na,na,na,na,na,na,na,car,na
download (2).jpg,car,na,na,na,na,na,na,na,na,na,car
download (3).jpg,person,na,na,na,na,na,na,na,na,na,car
download (3).jpg,car,na,na,na,na,na,na,na,na,person,na
download (7).jpg,bus,na,na,na,na,na,na,na,na,traffic light,na
download (7).jpg,traffic light,na,na,na,na,na,na,na,na,na,bus
download (9).jpg,bus,na,na,na,na,na,na,na,na,na,person
download (9).jpg,person,na,na,na,na,na,na,na,na,bus,na
images (1).jpg,elephant,na,na,na,na,na,na,na,na,na,truck
images (1).jpg,truck,na,na,na,na,na,na,na,na,elephant,na
images (1).jpg,elephant,na,na,na,na,na,na,na,na,na,car
images (1).jpg,car,na,na,na,na,na,na,na,na,elephant,na
images (1).jpg,elephant,na,na,na,na,na,na,na,na,na,truck
images (1).jpg,truck,na,na,na,na,na,na,na,na,elephant,na
images (1).jpg,elephant,na,na,na,na,na,na,na,na,na,car
images (1).jpg,car,na,na,na,na,na,na,na,na,elephant,na
images (1).jpg,truck,na,na,na,na,na,na,na,na,na,car
images (1).jpg,car,na,na,na,na,na,na,na,na,truck,na
images (1).jpg,truck,na,na,na,na,na,na,na,na,na,truck
images (1).jpg,truck,na,na,na,na,na,na,na,na,truck,na
images (1).jpg,truck,na,na,na,na,na,na,na,na,na,car
images (1).jpg,car,na,na,na,na,na,na,na,na,truck,na
images (1).jpg,car,na,na,na,na,na,na,na,na,truck,na
images (1).jpg,truck,na,na,na,na,na,na,na,na,na,car
images (1).jpg,car,na,na,na,na,na,na,na,na,car,na
images (1).jpg,car,na,na,na,na,na,na,na,na,na,car
images (1).jpg,truck,na,na,na,na,na,na,na,na,na,car
images (1).jpg,car,na,na,na,na,na,na,na,na,truck,na
images.jpg,person,na,na,na,na,na,na,na,na,car,na
images.jpg,car,na,na,na,na,na,na,na,na,na,person
images.jpg,person,na,na,na,na,na,na,na,na,elephant,na
images.jpg,elephant,na,na,na,na,na,na,na,na,na,person
images.jpg,person,na,na,na,na,na,na,na,na,person,na
images.jpg,person,na,na,na,na,na,na,na,na,na,person
images.jpg,person,na,na,na,na,na,na,na,na,person,na
images.jpg,person,na,na,na,na,na,na,na,na,na,person
images.jpg,person,na,na,na,na,na,na,na,na,person,na
images.jpg,person,na,na,na,na,na,na,na,na,na,person
images.jpg,car,na,na,na,na,na,na,na,na,elephant,na
images.jpg,elephant,na,na,na,na,na,na,na,na,na,car
images.jpg,car,na,na,na,na,na,na,na,na,na,person
images.jpg,person,na,na,na,na,na,na,na,na,car,na
images.jpg,car,na,na,na,na,na,na,na,na,na,person
images.jpg,person,na,na,na,na,na,na,na,na,car,na
images.jpg,car,na,na,na,na,na,na,na,na,na,person
images.jpg,person,na,na,na,na,na,na,na,na,car,na
images.jpg,elephant,na,na,na,na,na,na,na,na,na,person
images.jpg,person,na,na,na,na,na,na,na,na,elephant,na
images.jpg,elephant,na,na,na,na,na,na,na,na,na,person
images.jpg,person,na,na,na,na,na,na,na,na,elephant,na
images.jpg,elephant,na,na,na,na,na,na,na,na,na,person
images.jpg,person,na,na,na,na,na,na,na,na,elephant,na
images.jpg,person,na,na,na,na,na,na,na,na,person,na
images.jpg,person,na,na,na,na,na,na,na,na,na,person
images.jpg,person,na,na,na,na,na,na,na,na,person,na
images.jpg,person,na,na,na,na,na,na,na,na,na,person
images.jpg,person,na,na,na,na,na,na,na,na,person,na
images.jpg,person,na,na,na,na,na,na,na,na,na,person
